"title","price","isDisponible","category"
"<<45 secondes >>qui changeront votre vie- Don Failla","11000 CFA","Disponible","Marketing de réseau"
"100 dollar pour lancer son business – Chris Guillebeau","5500 CFA","Disponible","Entrepreneuriat,Nouveaux Horizons"
"100° – Le degré supplémentaire Poche, Samuel L. Parker","3500 CFA","Disponible","Développement personnel"
"101 questions sur TikTok, Jean-Noël Chaintreuil","12000 CFA","Disponible","Marketing de réseau"
"20 LOIS IRREFUTABLES DE LA CREATION DE RICHESSES, TSIPOTU KOFFI","7500 CFA","Disponible","Intelligence financière"
"3 MÉTHODES MARKETING POUR LES RH : MARQUE EMPLOYEUR, RECRUTEMENT, EXPÉRIENCE COLLABORATEUR, DABI-SCHWEBEL GABRIEL, DUVAL CHLOÉ","35000 CFA","Disponible","Marketing de réseau,Marketing et vente"
"365 lois: Une année pour percer les secrets de la nature humaine","18000 CFA","Disponible","Sans catégorie"
"54 Contes d’Afrique: Deuxième partie, Ultimes griots","10500 CFA","Disponible","Enfants & Ados"
"54 Contes d’Afrique: Première partie, Ultimes griots","10500 CFA","Disponible","Enfants & Ados"
"90 jours pour réussir sa prise de poste Michael Watkins","6500 CFA","Disponible","Carrière professionnelle,Nouveaux Horizons"
"A deux pas de l’or","10000 CFA","Disponible
	
		
			
							
		
		
			
				A deux pas de l'or
			
			
							
			10000 CFA
					
			
","Déstockage,Développement personnel,Entrepreneuriat"
"A la santé de votre retour au travail ! 250 idées rafraichissantes, Mélanie Grégoire & Mylène Grégoire  &  Annick Thibodeau","12000 CFA","Disponible","Carrière professionnelle,Développement personnel"
"Accélération divine, Jean-Clément Diambilay","12000 CFA","Disponible","Développement personnel"
"ACCOMPAGNEMENT D’UN ÊTRE CHER","12000 CFA","Disponible","Sans catégorie"
"Accomplissez des miracles Napoleon Hill","11500 CFA","Disponible","Développement personnel,motivation et inspiration"
"Afrique: la révolution des entreprises- réussir sur le marché porteur de demain- Acha Leke , Mutsa chironga , George Desvaux","6500 CFA","Disponible","Business et entrepreneuriat,Nouveaux Horizons"
"AGIR: 5 ans pour virer son patron, quitter son banquier et vivre la belle vie Thami Kabbaj","16000 CFA","Disponible","Business et entrepreneuriat"
"Aidez les gens à devenir meilleurs – Inspirez les autres à aller toujours plus loin, Alan Loy McGinnis","12000 CFA","Disponible","Développement personnel"
"Aidez-moi ! – Les deux mots les plus importants de ma vie Sylvain Marcel","13000 CFA","Disponible
	
		
			
							
		
		
			
				Aidez-moi ! - Les deux mots les plus importants de ma vie Sylvain Marcel
			
			
							
			13000 CFA
					
			

	
		
			
							
		
		
			
				C'EST BEAU LA VIE - VIVRE HEUREUX DANS LE COURANT DE LA GRACE Christine Michaud
			
			
							
			11900 CFA
					
				
			
			
		
			
","Développement personnel"
"ALLUMEZ VOTRE CHANDELLE, TSIPOTU KOFFI","7500 CFA","Disponible","Développement personnel"
"Amour, Amertume et autre Réflexion, AGHIMANEY","2500 CFA","Disponible","Sans catégorie"
"Apprendre à Entreprendre, REGIS EZIN","10000 CFA","Disponible","Entrepreneuriat,motivation et inspiration"
"Apprendre des Géants de la foi John Maxwell","15000 CFA","Disponible","JOHN C. MAXWELL,Leadership et Management"
"Arrêtons de bosser comme des fous Jason Freid & David H. Hansson","5900 CFA","Disponible","Nouveaux Horizons"
"Athlète de la vie: Agir ou subir ?  Thierry Schneider","11000 CFA","Disponible","Développement personnel"
"Atteindre l’excellence – Robert Greene","20000 CFA","Disponible","Leadership et Management,motivation et inspiration"
"Attendez avant de manger la guimauve – Le secret du succès professionnel et personnel gratifiant","12000 CFA","Disponible","Développement personnel"
"Attisez le feu sacré en vous, Jacques Lépine","13000 CFA","Disponible","Développement personnel"
"Attitude d’un gagnant Denis Waitley","13000 CFA","Disponible","Développement personnel,motivation et inspiration"
"Au chevet de la Côte d’Ivoire- Nicodème SAKO","10000 CFA","Disponible","Education,Leadership et Management"
"Au fil de mes pensées","18000 CFA","Disponible","Développement personnel,Psychologie et bien être"
"Augmentez votre intelligence financière  Robert Kiyosaki","15500 CFA","Disponible","Entrepreneuriat,Intelligence financière"
"Avant de punir nos enfants…Des alternatives efficaces pour mieux assurer la discipline de nos enfants","3000 CFA","Disponible","Education"
"Aventures humaines au féminin – Parcours de femmes inspirées et inspirantes","5000 CFA","Disponible
	
		
			
							
		
		
			
				Aventures humaines au féminin - Parcours de femmes inspirées et inspirantes
			
			
							
			5000 CFA
					
			

	
		
			
							
		
		
			
				BON STRESS, BAD STRESS  JEAN-YVES DIONNE
			
			
							
			13500 CFA 5000 CFA
					
				
			
			
		
			
","Développement personnel"
"Bitcoin et Cryptomonnaies pour les Nuls  Daniel ICHBIAH","14500 CFA","Disponible","Business et entrepreneuriat,Intelligence financière"
"BON STRESS, BAD STRESS  JEAN-YVES DIONNE","13500 CFA","Disponible
	
		
			
							
		
		
			
				BON STRESS, BAD STRESS  JEAN-YVES DIONNE
			
			
							
			13500 CFA 5000 CFA
					
			

	
		
			
							
		
		
			
				Aventures humaines au féminin - Parcours de femmes inspirées et inspirantes
			
			
							
			5000 CFA
					
				
			
			
		
			
","Développement personnel"
"Business adventures: Il était une fois au pays de Wall Street : 12 mésaventures et leçons d’hier, John Brooks (","20000 CFA","Disponible","Business et entrepreneuriat,Entrepreneuriat"
"C’EST BEAU LA VIE – VIVRE HEUREUX DANS LE COURANT DE LA GRACE Christine Michaud","11900 CFA","Disponible
	
		
			
							
		
		
			
				C'EST BEAU LA VIE - VIVRE HEUREUX DANS LE COURANT DE LA GRACE Christine Michaud
			
			
							
			11900 CFA
					
			

	
		
			
							
		
		
			
				Aidez-moi ! - Les deux mots les plus importants de ma vie Sylvain Marcel
			
			
							
			13000 CFA
					
				
			
			
		
			
","Développement personnel"
"C’est ça le marketing Seth Godin","6000 CFA","Disponible","Marketing et vente,Nouveaux Horizons"
"cassez la baraque ! capitalisez sur votre passion- Best seller au New York Times","15000 CFA","Disponible","Emploi et Carrière,Entrepreneuriat,Nouveaux Horizons"
"Ce dont je suis certaine – Oprah Winfrey","15000 CFA","Disponible","Développement personnel"
"Cesse de t’excuser mon amie Il n’y a pas de honte à rêver","12000 CFA","Disponible","Déstockage,Développement personnel,motivation et inspiration"
"Cessez d’être bon, devenez excellent, Dany Grimard","12000 CFA","Disponible","Développement personnel"
"Changez votre Monde JOHN C. MAXWELL et ROB HOSKINS","14500 CFA","Disponible","Développement personnel,JOHN C. MAXWELL,motivation et inspiration"
"Chimie générale 3e édition Rock Gallogly","11000 CFA","Disponible","Carrière professionnelle,Nouveaux Horizons"
"Chroniques martiennes Poche, Ray Bradbury","3500 CFA","Disponible","Nouveaux Horizons"
"Cinq coups d’avance – Devenez un maître de la stratégie d’entreprise","18000 CFA","Disponible","Business et entrepreneuriat,Développement personnel"
"Climat : comment éviter un désastre: Les solutions actuelles. Les innovations nécessaires, Bill Gates","5000 CFA","Disponible","Développement personnel"
"CODER PROPREMENT, Robert C. MARTIN","9000 CFA","Disponible","Déstockage,Nouveaux Horizons"
"Cœur à cœur, Thierry Schneider","12000 CFA","Disponible","Sans catégorie"
"Combattre la corruption Robert Klitgaard","5500 CFA","Disponible","Nouveaux Horizons"
"Comment devenir un as du marketing, Jeffrey Fox","12000 CFA","","Leadership et Management,Marketing et vente"
"Comment être un bon manager, Jeffrey Fox","12000 CFA","Disponible","Entrepreneuriat,Leadership et Management"
"comment faire un exposé","2000 CFA","Disponible","Nouveaux Horizons"
"Comment gâcher votre vie sentimentale,  Ben Stein","5000 CFA","Disponible","Développement personnel"
"Comment gâcher votre vie,  BEN STEIN","5000 CFA","","Développement personnel"
"Comment gérer l’argent votre famille? – Maurice D. Koué","3500 CFA","Disponible","Intelligence financière"
"Comment gérer son argent pour éviter de s’endetter MAURICE D. KOUE","1300 CFA","Disponible
	
		
			
							
		
		
			
				Comment gérer son argent pour éviter de s'endetter MAURICE D. KOUE
			
			
							
			1300 CFA
					
			

	
		
			
							
		
		
			
				LE TRAVAILLEUR ET L´ENDETTEMENT: QUELLES SOLUTIONS? Maurice KOUE
			
			
							
			2500 CFA
					
				
			
			
		
			
","Développement personnel"
"COMMENT LE SECRET A CHANGÉ MA VIE","16500 CFA","Disponible","Développement personnel"
"Comment réussir une négociation – nouvelle édition","5000 CFA","Disponible
	
		
			
							
		
		
			
				Comment réussir une négociation - nouvelle édition
			
			
							
			5000 CFA
					
			
","Leadership et Management,Marketing et vente,Nouveaux Horizons"
"Comment se faire des amis grace à la conversation franchissez la barrière de la timidité Don Gabor","12000 CFA","Disponible
	
		
			
							
		
		
			
				Comment se faire des amis grace à la conversation franchissez la barrière de la timidité Don Gabor
			
			
							
			12000 CFA
					
			

	
		
			
							
		
		
			
				Aidez-moi ! - Les deux mots les plus importants de ma vie Sylvain Marcel
			
			
							
			13000 CFA
					
				
			
			
		
			

	
		
			
							
		
		
			
				Aventures humaines au féminin - Parcours de femmes inspirées et inspirantes
			
			
							
			5000 CFA
					
				
			
			
		
			
","Développement personnel"
"Comment vaincre la malédiction du chômage – 7 clefs du Royaume pour la réussite professionnelle- Rose Marie BOUBOUTOU-POOS","10000 CFA","Disponible","Sans catégorie"
"Complices et Audacieux, Jean-Claude Tshipama, Mireille Tshipama","20000 CFA","Disponible","Biographies"
"Conduire le changement","6500 CFA","Disponible","Leadership et Management,Nouveaux Horizons"
"Confiance illimitée Franck Nicolas","15000 CFA","Disponible","Développement personnel"
"Conversation avec Dieu- un dialogue hors du commun (Tome 1)- Neale Donald Walsch","5500 CFA","Disponible","Développement personnel"
"conversations avec Dieu tome 3- un dialogue hors du commun","5500 CFA","Disponible","Développement personnel"
"CONVERSATIONS AVEC DIEU- UN DIALOGUE HORS DU COMMUN TOME 2","5500 CFA","Disponible","Développement personnel"
"Corpus de liberté financière volume 1, KOFFI Rodrigue Francis","25000 CFA","Disponible","Développement personnel"
"COURAGE,VISION,PASSION, Jacques Lépine","18000 CFA","Disponible","Business et entrepreneuriat,Entrepreneuriat"
"CRUSH IT ! Exceller au-delà de vos espérances, Gary Vaynerchuk","10000 CFA","Disponible","Marketing de réseau"
"Customer Experience ReDesign ! L’expérience client (re)mise à plat ! Gabriel DABI-SCHWEBEL, Valérie VAX","35000 CFA","Disponible","Marketing de réseau"
"D’hier à demain, Shania Twain","20000 CFA","Disponible","Biographies,Développement personnel"
"DE DONS EN MIRACLES – ACCEPTEZ CES DONS DE PAIX ET DE GUERISON, Frances Vaughan, Roger Walsh","5000 CFA","Disponible","Développement personnel"
"De précieux intermédiaires David Evans","5000 CFA","Disponible","Entrepreneuriat,Nouveaux Horizons"
"DECHIFFRER LES CODES DE L’ENTREPRISE POUR BIEN S’INTEGRER ET EVOLUER, Gorick Ng","12000 CFA","Disponible","Entrepreneuriat,Sans catégorie"
"Depasse-toi prends ton avenir  Romi Neustadt","12000 CFA","Disponible","Déstockage,Développement personnel"
"Développez votre force mentale,  Damon Zahariades","12000 CFA","Disponible","Développement personnel"
"DÉVELOPPEZ VOTRE LEADERSHIP","15000 CFA","Disponible","Sans catégorie"
"Devenez ce que vous devez être John Maxwell","15000 CFA","Disponible","Développement personnel,JOHN C. MAXWELL,Leadership et Management,motivation et inspiration"
"Devenez la personne que vous rêvez d’être","16000 CFA","Disponible","Carrière professionnelle,Développement personnel"
"DEVENEZ SUPERSTAR VENTE DIRECT","20000 CFA","Disponible","Sans catégorie"
"Différent, tout comme moi","13000 CFA","Disponible","Développement personnel"
"Disrupter: Le PDG d’Amazon mot à mot, Helena Hunt","4500 CFA","Disponible","Biographies,Nouveaux Horizons"
"Docteur de l’espoir Dr Hawa Abdi","5000 CFA","Disponible","Développement personnel,Nouveaux Horizons"
"Du calme mon amie Sois vraie  Elimine ces fausses croyances qui t’empêchent d’être toi-même","12000 CFA","Disponible","Déstockage,Développement personnel,motivation et inspiration"
"Du rêve à la réalité – John Maxwell","13500 CFA","Disponible","Sans catégorie"
"E-Myth : le mythe de l’entrepreneur revisité – Michael E Gerber","6500 CFA","Disponible","Business et entrepreneuriat,Entrepreneuriat,Nouveaux Horizons"
"Effet cumulé – choisissez de déculper votre réussite – Darren Hardy","14500 CFA","Disponible","Développement personnel"
"Effrondement Jared Diamond","4000 CFA","Disponible","Nouveaux Horizons"
"Elle et Lui","12000 CFA","Disponible","Sans catégorie"
"En toute franchise: adoptez la sincérité bienveillante et devenez un super chef – Kim Scott","6500 CFA","Disponible","Leadership et Management,Nouveaux Horizons"
"Enfance malheureuse vie heureuse – S’épanouir et réussir sa vie en dépit d’une enfance malheureuse,  Laura Schlessinger","13000 CFA","Disponible","Déstockage,Développement personnel"
"Enfin libre ! Marc Gervais","13000 CFA","Disponible","Développement personnel"
"Entreprendre et (surtout) être heureux: Les 6 blessures qui empêchent les entrepreneurs d’accéder au bonheur","15000 CFA","Disponible","Développement personnel,Entrepreneuriat"
"Entretien d’embauche, 15 exercices pour étudiants ou stagiaires","5000 CFA","Disponible","Carrière professionnelle"
"Envole-toi vers ta bonne étoile","12500 CFA","Disponible","Développement personnel,Famille,Psychologie et bien être"
"Et si l’amour c’était…, Marc Gervais","22600 CFA","Disponible","Développement personnel"
"ET SI LA PROCRASTINATION AVAIT UN REMEDE ? ZAHOULY ANGE","3000 CFA","Disponible","Développement personnel"
"ET SI TOUT DEVENAIT POSSIBLE !  LOUISE BOURBONNAIS","10000 CFA","Disponible","Carrière professionnelle,Déstockage"
"Et si vous en saviez assez pour gagner en bourse Peter Lynch","19500 CFA","Disponible","Intelligence financière"
"Être en accord avec soi-même William Ury","5000 CFA","Disponible","Nouveaux Horizons"
"ÉVEILLEZ L’ÉTINCELLE Frederic van renssel Dey","8000 CFA","Disponible","Sans catégorie"
"Facebook pour les Nuls, grand format, 4e éd Carolyn Abram","17500 CFA","Disponible","Marketing et vente"
"Faire la paix avec soi Marc Gervais","11500 CFA","Disponible","Sans catégorie"
"Faites fonctionner le premier cercle Randy Gage","9000 CFA","Disponible","Marketing de réseau"
"Faux robert kiyosaki- comment des mensonges appauvrissent les pauvres et la classe moyenne","18000 CFA","Disponible","Intelligence financière"
"Femmes noires Femmes de Pouvoir Avis A. Jones-Deweever","5000 CFA","Disponible
	
		
			
							
		
		
			
				Femmes noires Femmes de Pouvoir Avis A. Jones-Deweever
			
			
							
			5000 CFA
					
			

	
		
			
							
		
		
			
				L'art de la confiance en soi : ce que les femmes devraient savoir - Katty Kay et Claire Shipman
			
			
							
			6500 CFA
					
				
			
			
		
			
","Leadership et Management,Littérature féminine,Nouveaux Horizons"
"Finance d’entreprise 5e édition – 500 QCM – Jonathan Berk & Peter DeMarzo","15000 CFA","Disponible","Entreprise & Economie,Nouveaux Horizons"
"Finance d’entreprise 5e édition corrigés – Jonathan Berk & Peter DeMarzo","5000 CFA","Disponible","Entreprise & Economie,Nouveaux Horizons"
"FISH – édition  Stephen c Lundin","9000 CFA","Disponible","Développement personnel,motivation et inspiration"
"Force de vie: Les dernières avancées technologiques en matière de santé pour vous aider à maximiser votre énergie et votre force, à prévenir les maladies et à prolonger votre espérance de vie, TONY ROBBINS","25000 CFA","Disponible","Développement personnel,Entrepreneuriat"
"fuir sa sécurité une aventure de l’esprit -Richard Bach","12000 CFA","Disponible","Développement personnel"
"Gérer vos émotions en bourse avec Thami Kabbaj: 13 leçons pour investir comme un professionnel","13500 CFA","Disponible","Intelligence financière"
"Go Agissez !","5000 CFA","Disponible","Déstockage,Sans catégorie"
"GO PRO – Eric Worre","13000 CFA","Disponible","Business et entrepreneuriat,Entrepreneuriat,Marketing de réseau"
"Go! Lancez-vous, Seth Godin","5000 CFA","Disponible","Déstockage,Marketing et vente"
"GOLF DANS LE ROYAUME  Michael Murphy","14000 CFA","Disponible","Sans catégorie"
"Guérir de ses blessures affectives – John Gray","5500 CFA","Disponible","Développement personnel"
"Guide de survie par l’estime de soi ALINE LÉVESQUE","10000 CFA","Disponible","Développement personnel,Psychologie et bien être"
"Haben la femme sourde-aveugle qui a conquis Havard – Haben Girma","4000 CFA","Disponible","Développement personnel,Nouveaux Horizons"
"HEUREUX, Ian K. Smith","10000 CFA","Disponible","Déstockage,Développement personnel"
"Idées de génie","5900 CFA","Disponible","Marketing et vente,Nouveaux Horizons"
"Il est temps d’embaucher vos talents, Stéphane Marie Dioulo","5000 CFA","Disponible","Entrepreneuriat"
"Il faut le croire pour le voir, Dr WAYNE W. DYER","10000 CFA","Disponible","Déstockage,Développement personnel,Psychologie et bien être"
"ILLUSION Epiphanie Nangui TAHI","10000 CFA","Disponible","Littérature féminine"
"Inébranlable – Votre guide vers la liberté financière, Tony Robbins","15000 CFA","Disponible","Intelligence financière"
"Introduction à l’économie 2e édition – Daron Acemoglu David Laibson  John List","11500 CFA","Disponible","Entreprise & Economie,Nouveaux Horizons"
"Introduction à la microéconomie 8e édition","12500 CFA","Disponible","Entreprise & Economie,Nouveaux Horizons"
"Introduction à la philosophie Poche, Karl Jaspers","11000 CFA","","Sans catégorie"
"J’ai osé m’assumer – Sabine Ziriyo","5000 CFA","Disponible
	
		
			
							
		
		
			
				J'ai osé m'assumer - Sabine Ziriyo
			
			
							
			5000 CFA
					
			
","Développement personnel,Sans catégorie"
"J’étudie pour créer mon entreprise : Et non pour devenir un chercher d’emploi – Etienne Katanku Fortunatus","12000 CFA","Disponible","Entrepreneuriat"
"KETO croyances et mensonges tout savoir sur le régime cétogène MAURICE LAROCQUE","10000 CFA","Disponible","Déstockage,Développement personnel,Psychologie et bien être"
"KIT DE CE1 & CE2","13500 CFA","Disponible","Education"
"KIT DE CM1 & CM2","14000 CFA","Disponible","Education"
"KIT DE CP2","8000 CFA","Disponible","Education"
"Kit scolaire CP1","8000 CFA","Disponible","Education"
"L’ABC DE L’ENTREPRENEUR PASSIONNÉ, Luce Morin","14000 CFA","Disponible","Développement personnel,Entrepreneuriat"
"L’anxiété : un message à déchiffrer","10000 CFA","Disponible
	
		
			
							
		
		
			
				L'anxiété : un message à déchiffrer
			
			
							
			10000 CFA
					
			

	
		
			
							
		
		
			
				L'Ouverture du coeur  Marc Fisher
			
			
							
			11900 CFA
					
				
			
			
		
			
","Développement personnel"
"L’argent:L’art de le maîtriser","22000 CFA","Disponible","Développement personnel,Intelligence financière"
"L’art d’aller à l’essentiel","6000 CFA","Disponible","Développement personnel,motivation et inspiration,Nouveaux Horizons"
"L’art d’enseigner James M. Banner, Jr Harold C.Cannon","4000 CFA","Disponible","Nouveaux Horizons"
"L’ART DE BENIR Pasteur Yao Tanoumah Roger Tome 2","5000 CFA","Disponible","Sans catégorie"
"L’Art de bien s’entourer – Apprenez à déléguer et gagnez un temps précieux, Dan Sullivan, Benjamin Hardy","15000 CFA","Disponible","Développement personnel"
"L’art de la confiance en soi : ce que les femmes devraient savoir – Katty Kay et Claire Shipman","6500 CFA","Disponible","Développement personnel,Littérature féminine,Nouveaux Horizons"
"L’art de la niaque Angela Duckworth","6000 CFA","Disponible","Développement personnel,Nouveaux Horizons"
"L’art de la séduction, La Séduction : La Plus Belle Arme Du Pouvoir De Tous Les Temps – Robert Greene","21500 CFA","Disponible","Développement personnel"
"L’Art des médias sociaux: Statrégies gagnantes pour un usage professionnel, Guy kawasaki, Peg Fitzpatrick","5000 CFA","Disponible","Marketing de réseau"
"L’art du trading: Le best seller du trading ! Thami Kabba","35000 CFA","Disponible","Intelligence financière"
"L’autoroute du millionnaire MJ DeMarco","20000 CFA","Disponible","Entrepreneuriat,Intelligence financière"
"L’école des affaires , pour les gens qui aiment aider les gens Robert Kiyosaki","14500 CFA","Disponible","Intelligence financière"
"L’effet philanthropique","10000 CFA","","Développement personnel"
"L’électronique en pratique 2e édition – 34 expériences ludiques- Charles Platt","7500 CFA","Disponible","Nouveaux Horizons"
"L’entrepreneur minute – Développez vos forces d’entrepreneur – Ken Blanchard","13000 CFA","Disponible","Entrepreneuriat"
"L’entreprise du 21è siècle   Robert Kiyosaki","13500 CFA","Disponible","Intelligence financière,Marketing de réseau"
"L’entreprise sereine: La sécurité psychologique, pilier de l’entreprise hautement performante, humaine et résiliente,  Amy Edmonson","6500 CFA","Disponible","Nouveaux Horizons"
"L’ESSENTIEL DE L’OFFRE DE CREDIT BANCAIRE ENTREPRISES EN COTE D’IVOIRE, FABRICE EKOUMAN","20000 CFA","Disponible","Sans catégorie"
"L’éveil de votre puissance intérieure – Anthony Robbins","8500 CFA","Disponible","Développement personnel,motivation et inspiration,Psychologie et bien être"
"L’ÉVEIL DU JELI","3500 CFA","Disponible","Enfants & Ados"
"L’EXCELLENCE, UN GAGE DE RÉUSSITE Robin Sharma","13000 CFA","Disponible","Développement personnel"
"L’identité de marque – Alina Wheeler","9500 CFA","Disponible","Déstockage,Marketing et vente,Nouveaux Horizons"
"L’intelligence émotionnelle : Intégrale Daniel Goleman","12000 CFA","Disponible","Développement personnel"
"L’intuition chez les femmes d’affaires – les intuipreneures","13000 CFA","Disponible","Entrepreneuriat"
"L’investisseur intelligent: Une référence en matière d’investissement Jason Zweig","30000 CFA","Disponible","Business et entrepreneuriat"
"L’obésité n’est pas une maladie Dr Maurice Larocque","11000 CFA","Disponible","Développement personnel,Psychologie et bien être"
"L’Ouverture du coeur  Marc Fisher","11900 CFA","Disponible
	
		
			
							
		
		
			
				L'Ouverture du coeur  Marc Fisher
			
			
							
			11900 CFA
					
			

	
		
			
							
		
		
			
				L'anxiété : un message à déchiffrer
			
			
							
			10000 CFA
					
				
			
			
		
			
","Développement personnel"
"L’UNIVERS DE LA POSSIBILITE – UN ART A DECOUVRIR TRANSFORMER SA VIE PERSONNELLE ET PROFESSIONNELLE","15000 CFA","Disponible","Développement personnel"
"L’ARGENT LES REGLES DE BASE, TSIPOTU KOFFI","15000 CFA","Disponible","Développement personnel,Intelligence financière"
"L’Innovation jugaad. Adoptons l’entreprise frugale","5000 CFA","Disponible","Nouveaux Horizons"
"La 50ème loi","16500 CFA","Disponible","Entrepreneuriat"
"La 8è habitude – Stephen Covey","7000 CFA","Disponible","Développement personnel,Psychologie et bien être"
"La Bénédiction de l’Indépendance Financière, Jean-Clément Diambilay","12000 CFA","Disponible","Développement personnel,Intelligence financière"
"La Bible de la petite entreprise Steven Strauss","6500 CFA","Disponible
	
		
			
							
		
		
			
				La Bible de la petite entreprise Steven Strauss
			
			
							
			6500 CFA
					
			
","Entrepreneuriat,Nouveaux Horizons"
"La boîte à outils du e-commerce – 2e éd. – 55 outils clés en main et 4 vidéos d’approfondissement, Christian Delabre","16500 CFA","","Entreprise & Economie"
"La boîte à outils du Marketing digital – 2e éd.  Stéphane Truphème","23000 CFA","","Entreprise & Economie"
"La chance d’avoir un enfant autiste, Aminata Ouattara","10000 CFA","Disponible","Sans catégorie"
"La clé de la maîtrise – Charles Haanel","7000 CFA","Disponible","Développement personnel"
"la crise de l’eau Guide pratique pour une gestion durable- Brian Richter","3500 CFA","Disponible","Nouveaux Horizons"
"La finance d’entreprise pour les nuls  Jean-Yves Eglem, Bernard Fevry","19500 CFA","Disponible","Intelligence financière"
"La Gestion de projet pour les Nuls, grand format  Stanley E PORTNY","16500 CFA","Disponible","Business et entrepreneuriat,Entrepreneuriat,Entrepreneuriat"
"La gestion des ressources humaines: comprendre les principes essentiels, Gnakpa Vincent","15000 CFA","Disponible","Sans catégorie"
"La Gestion pour les Nuls grand format, 2e édition Dorothée ANSERMINO, Yves VIRTON","16500 CFA","Disponible","Business et entrepreneuriat,Entreprise & Economie"
"La jeune femme qui mangeait des biscuits avec un casque de moto sur","10500 CFA","Disponible","Développement personnel,motivation et inspiration"
"La Lettre écarlate Poche, Nathaniel Hawthorne","3000 CFA","Disponible","Sans catégorie"
"la loi de David et Goliath","6500 CFA","Disponible","Développement personnel"
"la magie de croire – Claude Bristol","19000 CFA","Disponible","Développement personnel"
"La magie de s’auto-diriger  la sagesse d’une vie réussie- David Schwartz","16000 CFA","Disponible","Développement personnel"
"La maitrise de sa destinée","10000 CFA","Disponible","Développement personnel"
"LA MINUTE DE L’OR, ALPHONSE KOUASSI","5000 CFA","Disponible","Marketing et vente"
"La pensée positive Norman Vincent Peale","10000 CFA","Disponible
	
		
			
							
		
		
			
				La pensée positive Norman Vincent Peale
			
			
							
			10000 CFA
					
			

	
		
			
							
		
		
			
				OUI, RIEN N'ARRIVE PAR HASARD
			
			
							
			12000 CFA
					
				
			
			
		
			

	
		
			
							
		
		
			
				Le Pouvoir triomphant de l’amour Catherine Ponder
			
			
							
			7000 CFA
					
				
			
			
		
			
","Développement personnel"
"La prodigieuse machine à vendre – Chet Holmes","6500 CFA","Disponible","Business et entrepreneuriat,Entrepreneuriat,Marketing et vente"
"La psychotherapie ce n’est pas pour malades! Dre JOHANNE LÉVESQUE","11500 CFA","Disponible","Développement personnel,Psychologie et bien être"
"La puissance de nos différences, Sylvain Guimond","13000 CFA","Disponible","Sans catégorie"
"La puissance de votre subconscient – DR JOSEPH Murphy","18000 CFA","Disponible","Développement personnel,Psychologie et bien être"
"La règle ? Pas de règles ! Reed Hastings et Erin Meyer","6000 CFA","Disponible","Déstockage,Sans catégorie"
"La règle des 5 secondes Apprenez à passer à l’action en 5 secondes top chrono ! Mel Robbins","6500 CFA","Disponible","Développement personnel"
"La reine du stade – Alice Coachman","2000 CFA","Disponible","Sans catégorie"
"La révolution des solutions William D.Eggers et Paul Macmillan","6000 CFA","Disponible","Nouveaux Horizons"
"La sagesse du dimanche – Oprah Winfrey","5000 CFA","Disponible","Développement personnel"
"La sagesse du moine qui vendit sa Ferrari Robin Sharma","6000 CFA","Disponible","Développement personnel,motivation et inspiration"
"La tribu des mentors Timothy Ferriss","22000 CFA","Disponible
	
		
			
							
		
		
			
				La tribu des mentors Timothy Ferriss
			
			
							
			22000 CFA 6800 CFA
					
			
","motivation et inspiration,Nouveaux Horizons"
"La vache pourpre Seth Godin","4500 CFA","Disponible","Marketing et vente,Nouveaux Horizons"
"LA VENTE DIRECTE","14500 CFA","Disponible","Intelligence financière,Marketing de réseau"
"La vie des maîtres Dans l’Himalaya vivent des sages aux pouvoirs prodigieux – Baird T. Spalding","6500 CFA","Disponible","Développement personnel"
"Launch Jeff Walker","5000 CFA","Disponible","Entrepreneuriat"
"Le Bonheur des autres – tome 2 Le revenant, Richard Gougeon","13000 CFA","Disponible","Développement personnel,Psychologie et bien être"
"Le bus qui donne des ailes,  Jon Gordon","11000 CFA","Disponible","Développement personnel"
"Le business model de l’abonnement: Pourquoi le modèle de l’abonnement est le futur de votre entreprise – et comment vous y prendre","18000 CFA","Disponible","Entrepreneuriat"
"Le Code Zéro Dette","10000 CFA","Disponible","Déstockage,Sans catégorie"
"Le coéquipier idéal","20000 CFA","Disponible","Business et entrepreneuriat,Carrière professionnelle,Développement personnel"
"Le couple existe encore … Et l’amour aussi, Yvon Dallaire","12000 CFA","Disponible","Développement personnel"
"Le courage de parler en public, Stéphane Simard","12000 CFA","Disponible","Développement personnel"
"Le facteur latté","10000 CFA","Disponible","Business et entrepreneuriat,Carrière professionnelle,Développement personnel"
"Le financement participatif: Enjeux de développement pour l’Afrique, Jean-Yves Régis Naka","10000 CFA","Disponible","Sans catégorie"
"Le fonceur Peter B.Kyne","5000 CFA","Disponible","Développement personnel,motivation et inspiration"
"Le Golfeur et le Millionnaire, Marc FISHER","13500 CFA","Disponible","Développement personnel,Sans catégorie"
"Le guide détendu des émotions au travail","5800 CFA","Disponible","Emploi et Carrière,Marketing et vente"
"Le guide ultime de prospection en marketing de réseau Bob Burg","12000 CFA","Disponible","Marketing de réseau"
"Le jeu infini simon sinek","6500 CFA","Disponible","Nouveaux Horizons"
"Le Jour montant, Demba Diop","6500 CFA","Disponible","Sans catégorie"
"Le jour où mon enfant m’a enseigné, Sophia","5000 CFA","Disponible","Sans catégorie"
"Le Loup de Wall Street Jordan Belfort","8500 CFA","Disponible","Marketing et vente"
"Le marchand du bonheur Marc Fisher","11000 CFA","Disponible","Développement personnel"
"LE MARIAGE A TOUT PRIX Roman Épiphanie Nangui Tahi","3000 CFA","Disponible","Sans catégorie"
"Le marketing de soi MAJOLY DION","11500 CFA","Disponible","Entrepreneuriat,Marketing et vente"
"Le MBA visuel : les cours de business school tout en images! Jason Barron","6500 CFA","Disponible","Business et entrepreneuriat,Nouveaux Horizons"
"Le miracle, Christine Michaud","15000 CFA","Disponible","Développement personnel"
"Le modèle dioula Maurice D Koué","5000 CFA","Disponible","Entrepreneuriat,Intelligence financière"
"Le moine qui vendit sa Ferrari Robin Sharma","6500 CFA","Disponible","Développement personnel,motivation et inspiration"
"Le monde jusqu’à hier – Jared Diamond","5000 CFA","Disponible","Nouveaux Horizons"
"Le mythe de la « gentille fille » : Réussir sa carrière sans devenir une personne qu’on déteste? oui, c’est possible ! Fran Hauser","5500 CFA","Disponible","Littérature féminine,Nouveaux Horizons"
"Le nouveau manager minute Ken Blanchard & Spencer Johnson","5000 CFA","Disponible","Nouveaux Horizons"
"Le personal MBA Josh Kaufman ( nouveaux horizons)","6900 CFA","Disponible
	
		
			
							
		
		
			
				Le personal MBA Josh Kaufman ( nouveaux horizons)
			
			
				Note 5.00 sur 5			
			6900 CFA
					
			

	
		
			
							
		
		
			
				Penser comme un millionnaire: changer ses habitudes pour réussir et être heureux - Dean Graziosi
			
			
				Note 5.00 sur 5			
			6500 CFA
					
				
			
			
		
			
","Entrepreneuriat,Nouveaux Horizons"
"Le petit livre du talent, Daniel Coyle","12000 CFA","Disponible","Développement personnel"
"Le plus grand vendeur du monde  suite et fin- Og Mandino","11500 CFA","Disponible","Développement personnel,Marketing et vente"
"le plus grand vendeur du monde- OG MANDINO- le livre qui a influencé des millions de vie","11500 CFA","Disponible","Développement personnel,Marketing et vente"
"Le pouvoir de la persévérance, Greg S. Reid","10000 CFA","Disponible","Développement personnel"
"Le pouvoir de la volonté : La nouvelle science du self-control","8000 CFA","Disponible","Développement personnel"
"Le pouvoir de la vulnérabilité – Bréné Brown","5500 CFA","Disponible","Développement personnel,Nouveaux Horizons"
"Le pouvoir des habitudes- changer un rien pour tout changer – Charles Duhigg","8000 CFA","Disponible","Développement personnel"
"Le pouvoir des livres, YAO TANOUMAH ROGER","10000 CFA","Disponible","Développement personnel"
"Le pouvoir du moment présent","6000 CFA","Disponible","Développement personnel"
"Le pouvoir extraordinaire de l’humilité chez les leaders, Marilyn Gist","6500 CFA","Disponible","Développement personnel,Leadership et Management"
"le pouvoir triomphant de l’amour Catherine Ponder","7000 CFA","Disponible","Développement personnel"
"Le Pouvoir triomphant de l’amour Catherine Ponder","7000 CFA","Disponible
	
		
			
							
		
		
			
				Le Pouvoir triomphant de l’amour Catherine Ponder
			
			
							
			7000 CFA
					
			

	
		
			
							
		
		
			
				La pensée positive Norman Vincent Peale
			
			
							
			10000 CFA
					
				
			
			
		
			

	
		
			
							
		
		
			
				OUI, RIEN N'ARRIVE PAR HASARD
			
			
							
			12000 CFA
					
				
			
			
		
			
","Développement personnel"
"Le premier million, Marc FISHER","13000 CFA","Disponible","Sans catégorie"
"Le principe de Peter – Pourquoi tout employé tend à s’élever jusqu’à son niveau d’incompétence","6500 CFA","Disponible","Carrière professionnelle,Développement personnel"
"Le prophète et la femme seule,  Mark Fisher","13000 CFA","Disponible","Développement personnel"
"Le quadrant du cashflow Robert Kiyosaki","17000 CFA","Disponible
	
		
			
							
		
		
			
				Le quadrant du cashflow Robert Kiyosaki
			
			
							
			17000 CFA 12000 CFA
					
			
","Entrepreneuriat,Entreprise & Economie,Intelligence financière"
"Le Secret – Rhonda Byrne","20000 CFA","Disponible","Développement personnel"
"le secret au quotidien Rhonda Byrne","10000 CFA","Disponible","Développement personnel"
"LE SECRET D’UNE VIE STABLE ET PAISIBLE, ASSI ASSI GERVAIS","3000 CFA","Disponible","Développement personnel"
"Le secret de l’amour, de la santé et de l’argent, Rhonda Byrne","20000 CFA","Disponible","Développement personnel"
"Le succès par pensée constructive, Napoléon Hill & Clément Stone","6500 CFA","Disponible","Développement personnel,motivation et inspiration"
"Le succès selon Jack Canfield","22600 CFA","Disponible","Business et entrepreneuriat,Développement personnel"
"Le succès selon Jack guide d’accompagnement JACK CANFIELD","14900 CFA","Disponible","Développement personnel,motivation et inspiration"
"Le superleadership Wilfrid Kolorunko OKAMBAWA","10000 CFA","Disponible","Leadership et Management"
"Le système Don et Nancy Failla","9500 CFA","Disponible","Marketing de réseau"
"Le système éducatif que la Côte d’Ivoire mérite- Gnapia Eddy Brice","10000 CFA","Disponible","Education"
"Le temps d’apprendre à vivre, Lucien Auger","14000 CFA","Disponible","Développement personnel"
"LE TRAVAILLEUR ET L´ENDETTEMENT: QUELLES SOLUTIONS? Maurice KOUE","2500 CFA","Disponible
	
		
			
							
		
		
			
				LE TRAVAILLEUR ET L´ENDETTEMENT: QUELLES SOLUTIONS? Maurice KOUE
			
			
							
			2500 CFA
					
			

	
		
			
							
		
		
			
				QUE FAIS-TU DE TES 24H - Maurice Koué
			
			
							
			3500 CFA
					
				
			
			
		
			
","Développement personnel"
"Leadershift – Les 11 changements essentiels aux quels tout leader doit se prêter","16000 CFA","Disponible","Carrière professionnelle,Développement personnel,Entrepreneuriat"
"Lean startup : Adoptez l’innovation continue Eric Ries","6000 CFA","Disponible","Entrepreneuriat,Nouveaux Horizons"
"Les 10 secrets du succès et de la paix intérieure, Dr Wayne W. Dyer","9500 CFA","Disponible","Développement personnel"
"Les 17 lois infaillibles du travail en équipe John Maxwell","17500 CFA","Disponible","JOHN C. MAXWELL,Leadership et Management"
"Les 30 premiers jours, Ariane de Bonvoisin","15000 CFA","Disponible","Développement personnel"
"Les 5 outils pour réussir en équipe, Stefano MASTROGIACOMO ET Alexander OSTERWALDER","33500 CFA","Disponible","Marketing de réseau"
"LES 60 LOIS DU SUCCES par temps de crise Broché, Jeffrey Fox","12000 CFA","Disponible","Entrepreneuriat,Leadership et Management"
"les 7 habitudes de ceux qui réalisent tout ce qu’ils entreprennent – Plus de 20 millions d’exemplaires vendus dans le monde- Stephen Covey","16500 CFA","Disponible","Développement personnel"
"Les 75 lois de Fox, Jeffrey Fox","10000 CFA","","Leadership et Management"
"Les Bons Comptes font les bons amants Héloïse BOLLE","13000 CFA","Disponible","Développement personnel,Psychologie et bien être"
"Les ingrédients de la réussite professionnelle Les bonnes pratiques actionnables pour une vie professionnelle épanouie et transformé – Nanette NDETIRI","10000 CFA","Disponible","Carrière professionnelle"
"Les lois de la nature humaine Robert Greene","20000 CFA","Disponible","Développement personnel"
"Les lois dynamiques de la prospérité Catherine Ponder","12000 CFA","Disponible","Développement personnel"
"LES MAUX POUR LE DIRE SIMPLEMENT  Suzanne Couture","13500 CFA","Disponible","Sans catégorie"
"Les mémoires de mon enfance, Martine Cédilotte","5000 CFA","Disponible","Développement personnel,motivation et inspiration"
"Les mots font mal, Justin W. Patchin et Sameer Hinduja","5000 CFA","Disponible","Développement personnel,Enfants & Ados"
"Les onze lois de la réussite, Anthony Robbins","4500 CFA","Disponible","Développement personnel,motivation et inspiration"
"Les outils des géants Timothy Ferriss","7500 CFA","Disponible","Sans catégorie"
"Les profils émotionnels -Apprendre à les connaître et mieux vivre avec","7000 CFA","Disponible","Développement personnel,motivation et inspiration"
"LES RÉSEAUX SOCIAUX ONT TUÉ LA CÔTE D’IVOIRE, ALPHONSE KOUASSI","10000 CFA","Disponible","Sans catégorie"
"Les secrets d’un esprit millionnaire T. Harv Eker","14900 CFA","Disponible","Développement personnel,Intelligence financière"
"Les trois lois de la performance,  Dave Logan,  Steve Zaffron","14500 CFA","Disponible","Développement personnel,Leadership et Management"
"Les ultimes secrets de la confiance en soi – Dr Robert Anthony","11500 CFA","Disponible","Développement personnel"
"Les voleurs de bonheur","13000 CFA","Disponible","Développement personnel,motivation et inspiration,Psychologie et bien être"
"Les vrais leaders se servent en dernier, Simon Sinek","6000 CFA","Disponible","Leadership et Management"
"Les17 secrets des maitres prospecteurs en marketing de réseau – John Kalench","14000 CFA","Disponible","Marketing de réseau"
"LUTTER AVEC L’OURS, Steve W.Price","10000 CFA","Disponible","Développement personnel"
"M Francis FOSSOU entreprenariat en éducation financière","5000 CFA","Disponible","Sans catégorie"
"Macroéconomie 8e édition N. Gregory Mankiw","13500 CFA","Disponible","Entreprise & Economie,Nouveaux Horizons"
"Macroéconomie Gregory N. Mankiw","13000 CFA","Disponible","Entreprise & Economie,Nouveaux Horizons"
"Management 11e édition – l’essentiel des concepts et pratiques","11500 CFA","Disponible","Leadership et Management"
"Manuel de Communication NonViolente,  Lucy Leu","13000 CFA","Disponible","Sans catégorie"
"Mariage trempé dans le sang- Comment jouir d’un mariage heureux et accomplissant tout au long de la vie dans le lien de l’alliance – Doofan Hiihyaa","7000 CFA","Disponible","Mariage"
"Marketing 5.0: La technologie au service du consommateur Philip Kotler","6900 CFA","Disponible","Marketing et vente"
"Marketing de réseau 101 Joe Rubino & John Terhune","17000 CFA","Disponible","Business et entrepreneuriat,Marketing de réseau"
"Marketing des médias sociaux","11500 CFA","Disponible","Marketing et vente,Nouveaux Horizons"
"Marketing Management 16e édition Kotler","19000 CFA","Disponible","Marketing et vente,Nouveaux Horizons"
"Marketing relationnel et medias sociaux ray et jessica higdon","11500 CFA","Disponible","Marketing de réseau"
"Même les aigles ont besoin d’une poussée pour apprendre à voler, David McNally","10000 CFA","Disponible","Déstockage,motivation et inspiration"
"Merci la vie – Le pouvoir de la gratitude dans nos vies,  Deborah Norville","13000 CFA","Disponible","Développement personnel"
"MESSAGERS DE LUMIÈRE  Neale Donald Walsh","10000 CFA","Disponible","Développement personnel"
"Michel Gohou Destin d’un miraculé, Pierre TEUBEU","5000 CFA","Disponible","motivation et inspiration"
"Mieux s’organiser pour gagner du temps – Kerry Gleeson","6000 CFA","Disponible
	
		
			
							
		
		
			
				Mieux s'organiser pour gagner du temps - Kerry Gleeson
			
			
							
			6000 CFA
					
			
","Développement personnel,Nouveaux Horizons"
"Misbehaving les découvertes de l’économie comportementale","6500 CFA","Disponible","Nouveaux Horizons"
"MOT COMPTE DOUBLE, Bien ou mal, bon ou mauvais, juste ou injuste, beau ou moins beau… Pour apprécier, critiquer, dénoncer, suggérer, convaincre…Marco Leader","3000 CFA","Disponible","Développement personnel"
"Ne vous laissez plus faire-10 leçons pour s’affirmer","6500 CFA","Disponible","Développement personnel,Psychologie et bien être"
"Nos enfants riches et brillants -donnez un bon départ financier a votre enfants","16000 CFA","Disponible","Développement personnel,Entrepreneuriat,Famille,Intelligence financière"
"Nudge, édition mise à jour et augmentée: Édition ultime du best-seller du prix Nobel d’économie, Cass. R. Sunstein","6900 CFA","Disponible","Entreprise & Economie,Nouveaux Horizons"
"Nul besoin d’un titre pour être un leader,  Mark Sanborn","10000 CFA","Disponible","Déstockage,Développement personnel"
"Objectif Client – Bill Price","6000 CFA","Disponible","Marketing et vente,Nouveaux Horizons"
"Objectif réussite – Comment attirer le meilleur dans votre vie Zig Ziglar","13500 CFA","Disponible","Développement personnel"
"Obsession – LLOYD CASSEL DOUGLAS","15000 CFA","Disponible","Développement personnel"
"Oprah Winfrey l’ascension d’une star des média","1800 CFA","Disponible","Nouveaux Horizons"
"Optimisez votre cerveau à tout âge,  Sanjay Gupta M.D.","15000 CFA","Disponible","Développement personnel"
"Oser le positif le guide pratique pour rester positive en toutes circonstances- Prisca Nadine Kouacou","10000 CFA","Disponible","Développement personnel,Littérature féminine"
"Osez l’amour… pour toujours","10500 CFA","Disponible","Famille,Psychologie et bien être"
"Osez réussir ! David Larose, Sylvain Guimond","13000 CFA","Disponible","Développement personnel"
"OUI, RIEN N’ARRIVE PAR HASARD","12000 CFA","Disponible","Développement personnel"
"Parfois on gagne parfois on apprend John Maxwell","17500 CFA","Disponible","JOHN C. MAXWELL,Leadership et Management"
"Parler en public TED le guide officiel","6000 CFA","Disponible","Nouveaux Horizons"
"Penser comme un millionnaire: changer ses habitudes pour réussir et être heureux – Dean Graziosi","6500 CFA","Disponible
	
		
			
							
		
		
			
				Penser comme un millionnaire: changer ses habitudes pour réussir et être heureux - Dean Graziosi
			
			
				Note 5.00 sur 5			
			6500 CFA
					
			

	
		
			
							
		
		
			
				Le personal MBA Josh Kaufman ( nouveaux horizons)
			
			
				Note 5.00 sur 5			
			6900 CFA
					
				
			
			
		
			
","Intelligence financière,Nouveaux Horizons"
"Penser efficace en 5 étapes Edward B. Burger","6000 CFA","Disponible","Nouveaux Horizons"
"Père riche, Père pauvre – Robert Kiyosaki","16000 CFA","Disponible","Développement personnel,Entrepreneuriat,Intelligence financière"
"Petite entreprise, gros profits. JEFFREY FOX","12000 CFA","Disponible","Entrepreneuriat,Entreprise & Economie"
"PETITES DOUCEURS POUR LE COEUR","11000 CFA","Disponible","Développement personnel"
"Petites histoires de gros dollars – Les Origines de notre univers financier, Fabien Major","15000 CFA","Disponible","Entrepreneuriat,Entreprise & Economie"
"Physique – Eugene Hecht","9900 CFA","Disponible","Nouveaux Horizons"
"PLANIFIER SA RETRAITE OU SA RELÈVE…ÇA NE FAIT PAS MOURIR!","13000 CFA","Disponible","Sans catégorie"
"POUR UNE MEILLEURE GOUVERNANCE","3500 CFA","Disponible","Nouveaux Horizons"
"Pourquoi motiver est-il si compliqué…: Et comment y arriver !","6500 CFA","Disponible","Développement personnel"
"Power – les 48 lois du pouvoir","22000 CFA","Disponible","Développement personnel,Psychologie et bien être"
"Prendre soin de soi  Lucien Auger","13000 CFA","Disponible
	
		
			
							
		
		
			
				Prendre soin de soi  Lucien Auger
			
			
							
			13000 CFA
					
			

	
		
			
							
		
		
			
				L'art de la séduction, La Séduction : La Plus Belle Arme Du Pouvoir De Tous Les Temps - Robert Greene
			
			
							
			21500 CFA
					
				
			
			
		
			
","Développement personnel"
"Prenez votre vie en main un guide pour mettre en pratique les principes de marketing relationnel – Don et Nancy Failla","5000 CFA","Disponible","Marketing de réseau"
"PRESSEZ ICI, J’AI BESOIN D’ÊTRE AIMÉE","12000 CFA","Disponible
	
		
			
							
		
		
			
				PRESSEZ ICI, J’AI BESOIN D’ÊTRE AIMÉE
			
			
							
			12000 CFA
					
			

	
		
			
							
		
		
			
				PRÊT POUR L'AMOUR
			
			
							
			12500 CFA
					
				
			
			
		
			
","Développement personnel"
"PRÊT POUR L’AMOUR","12500 CFA","Disponible
	
		
			
							
		
		
			
				PRÊT POUR L'AMOUR
			
			
							
			12500 CFA
					
			

	
		
			
							
		
		
			
				La sagesse du moine qui vendit sa Ferrari Robin Sharma
			
			
							
			6000 CFA
					
				
			
			
		
			

	
		
			
							
		
		
			
				PRESSEZ ICI, J’AI BESOIN D’ÊTRE AIMÉE
			
			
							
			12000 CFA
					
				
			
			
		
			
","Développement personnel"
"Principe du journalisme Bill Kovach, Tom Rosenstiel","4500 CFA","Disponible","Nouveaux Horizons"
"Prospectez avec posture et confiance Bob Burg","11000 CFA","","Marketing et vente"
"Quand les trésors du ciel remplissent les greniers de la terre, YAO TANOUMAH ROGER","10000 CFA","Disponible","Développement personnel"
"Quand on veut, on peut grand format! Norman Vincent Peale","14000 CFA","Disponible","Développement personnel"
"QUE FAIS-TU DE TES 24H – Maurice Koué","3500 CFA","Disponible
	
		
			
							
		
		
			
				QUE FAIS-TU DE TES 24H - Maurice Koué
			
			
							
			3500 CFA
					
			
","Business et entrepreneuriat,Carrière professionnelle,Entrepreneuriat"
"Quittez la course des rats, MJ Demarco","20000 CFA","Disponible","Développement personnel,Entrepreneuriat"
"Rajeunir 12 révélations qui transformeront votre vie! Isabelle Rousseau-Caron","13500 CFA","Disponible","Développement personnel"
"RAPH STORY – CROIRE AU-DELA DE L’IMPOSSIBLE","8000 CFA","Disponible","Biographies,Déstockage,Développement personnel,Entrepreneuriat"
"recueil de pensées – Mangré Christelle Akossi","6000 CFA","Disponible","Développement personnel"
"Réfléchissez et devenez Riche, Napoleon Hill","12000 CFA","Disponible","Développement personnel"
"Règles ont changé (Les)","11900 CFA","Disponible","Entrepreneuriat"
"Relation épanouie et efficace avec nos enfants… Astuces et conseils pratiques pour mieux faire face aux comportements de nos enfants, SOPHIA","3000 CFA","Disponible","Sans catégorie"
"Rendez-vous au plus haut sommet, Zig Ziglar","16000 CFA","","Développement personnel"
"Rendez-vous au sommet – Zig Ziglar","16000 CFA","Disponible","Développement personnel,motivation et inspiration"
"Renversez la vapeur","12000 CFA","Disponible","Carrière professionnelle,Développement personnel,Emploi et Carrière"
"Resolusilience : le pouvoir de la persévérance  Greg S Reid","10000 CFA","Disponible","Développement personnel,motivation et inspiration"
"RÉUSSIR À LA HAUTEUR DE SES RÊVES","10000 CFA","Disponible
	
		
			
							
		
		
			
				RÉUSSIR À LA HAUTEUR DE SES RÊVES
			
			
							
			10000 CFA
					
			

	
		
			
							
		
		
			
				Accomplissez des miracles Napoleon Hill
			
			
							
			11500 CFA
					
				
			
			
		
			
","Développement personnel"
"Réussir avec les autres John Maxwell","16500 CFA","Disponible","Développement personnel,JOHN C. MAXWELL,Leadership et Management"
"Réussir la mutation numérique – Westerman","5000 CFA","Disponible","Nouveaux Horizons"
"Réussite Maximum 7 étapes pour créer une vie selon vos propres termes","11800 CFA","Disponible","Carrière professionnelle,Déstockage,Développement personnel,motivation et inspiration"
"Réussite sans LIMITE Tome 1","7500 CFA","Disponible","Développement personnel"
"Réussite sans LIMITE Tome 2","7500 CFA","Disponible","Développement personnel"
"RÉVEILLE-TOI, tu es un vrai miracle de la nature","12000 CFA","Disponible","Sans catégorie"
"Réveillez le millionnaire qui est en vous Mark Victor Hansen & Robert Allen","7500 CFA","Disponible
	
		
			
							
		
		
			
				Réveillez le millionnaire qui est en vous Mark Victor Hansen & Robert Allen
			
			
							
			7500 CFA
					
			

	
		
			
							
		
		
			
				Les secrets d'un esprit millionnaire T. Harv Eker
			
			
							
			14900 CFA
					
				
			
			
		
			
","Développement personnel,Intelligence financière"
"Rêver d’un autre monde, Thierry Schneider","16500 CFA","Disponible","Développement personnel"
"Rework, réussir autrement – Jason Fried & David H. Hanss","5000 CFA","Disponible","Entrepreneuriat,Nouveaux Horizons"
"Secrets d’expert – E-commerce : comment convertir vos visiteurs en clients,  Russell Brunson","17000 CFA","Disponible","Marketing de réseau"
"SENTEZ-VOUS BIEN, Thierry Schneider","14500 CFA","Disponible","Développement personnel"
"SESAME-ouvre toi! le bonheur au bout de la voie – Maha Tissot","10000 CFA","Disponible","Développement personnel"
"Sexy Zen et happy – Christine Michaud","10000 CFA","Disponible","Développement personnel"
"Si tu n’es pas le premier, tu es le dernier – Stratégies de vente pour dominer le marché  GRANT Cardone","18000 CFA","Disponible","Entrepreneuriat"
"Side Business lancer votre activité complémentaire en 27 jours – Chris Guillebeau","6000 CFA","Disponible","Entrepreneuriat,Nouveaux Horizons"
"Sortez le grand « Je »: Soyez la personne que vous êtes appelée à être, Ronald P. FANOU","10000 CFA","Disponible","Développement personnel"
"Storybrand scénarisez votre marque Donald Miller","5900 CFA","Disponible","Marketing et vente,Nouveaux Horizons"
"Stratégie digitale et psychologie des internautes: Comment captiver ces grands enfants ? Samuel Bielka","16000 CFA","Disponible","Marketing et vente"
"Stratégie les 33 lois de la guerre Robert Greene","22000 CFA","Disponible","Leadership et Management"
"Strategie Ocean Bleu : comment créer de nouveaux espace strategique","6900 CFA","Disponible","Développement personnel,motivation et inspiration"
"sur le sentier de la réussite- DITOFUL","10000 CFA","Disponible","Développement personnel"
"Système1 – Système 2 : Les deux vitesses de la pensée","10500 CFA","Disponible","motivation et inspiration,Psychologie et bien être"
"TDAH : Pourquoi être ordinaire quand on peut être spécial ?","16000 CFA","Disponible","Développement personnel,motivation et inspiration,Psychologie et bien être"
"Textes clés de philosophie féministe Poche, Manon Garcia","20000 CFA","","Sans catégorie"
"Ton talent, Ton ADN AM Augustin Mirimo","12000 CFA","Disponible","Développement personnel"
"Tout est possible !: Créez la vie et le job de vos rêves, Marie Forleo","13000 CFA","Disponible","Développement personnel"
"Tout le monde n’a pas eu la chance de rater ses études Olivier Roland","20600 CFA","Disponible","Entrepreneuriat"
"Traction – Comment toute start-up peut développer rapidement sa clientèle, Gabriel Weinberg","20000 CFA","Disponible","Marketing de réseau,Marketing et vente"
"Travail d’équipe 101 John C.Maxwell","9000 CFA","Disponible","JOHN C. MAXWELL"
"Trouver son pourquoi – Simon Sinek","6000 CFA","Disponible","Nouveaux Horizons"
"Tu veux un changement? Fais-le toi-même, Elisée KOUASSI","5000 CFA","Disponible","Entrepreneuriat,motivation et inspiration"
"Un an pour gagner un million – Comment trouver le produit gagnant et développer une entreprise prospère Ryan Daniel Moran","16000 CFA","Disponible","Business et entrepreneuriat"
"Un marché de plusieurs millions à votre portée! comment arriver à se moquer des ennuis d’argent","3500 CFA","Disponible","Business et entrepreneuriat,Entrepreneuriat"
"Un mentor en or – 1001 conseils de millionnaire pour une vie accomplie Kevin Harrington, Marc Timm","16000 CFA","Disponible","Entrepreneuriat"
"Un rien peut tout changer, James Clear","7000 CFA","Disponible","Développement personnel,Nouveaux Horizons"
"Une performance digne d’un rappel – Comment exceller dans tout ce que l’on fait, Mark Sanborn","10000 CFA","Disponible","Déstockage,Développement personnel"
"une seconde chance pour votre argent, votre vie et notre monde – Robert Kiyosaki","18000 CFA","Disponible","Développement personnel"
"Vaincre les attaques sataniques dans les rêves FN Francis Ngawala","12000 CFA","Disponible","Sans catégorie"
"Vivant 99 outils pour s’écouter, se retrouver et aller de l’avant","10500 CFA","Disponible","Développement personnel,motivation et inspiration"
"VIVRE AVEC PASSION,  Florent Tanlet","14000 CFA","Disponible","Développement personnel"
"Vivre grand : Développez votre confiance jusqu’à l’audace !","10000 CFA","Disponible","Développement personnel"
"Vivre intentionnellement- choisir une vie qui compte – John Maxwell","15000 CFA","Disponible","JOHN C. MAXWELL,Leadership et Management"
"votre droit absolu à la richesse joseph murphy- Adhérez aux lois fondamentales de l’esprit","12500 CFA","Disponible","Développement personnel"
"Votre passion, un meilleur domaine d’affaire,  EKF Etienne Katanku Fortunatus","15000 CFA","Disponible","Développement personnel"
"Vous l’avez rêvé alors vivez le – John Maxwell","11000 CFA","Disponible","Développement personnel,JOHN C. MAXWELL,Leadership et Management"
"Voyages à l’intérieur de soi","18000 CFA","Disponible","Développement personnel,motivation et inspiration"
"Warren Buffett. La biographie officielle, l’effet boule de neige","26700 CFA","Disponible","Biographies"